path	lines	module	coverage	risk_hint
College/App/ActivePageFocusedValue.swift	18	App	5c	Y
College/App/AppActivityCoordinator.swift	117	App	5c	Y
College/App/AppCompatibility.swift	52	App	5c	Y
College/App/AppHeaderView.swift	170	App	5c	Y
College/App/AppModels.swift	262	App	5c	Y
College/App/AppToolbarCoordinator.swift	847	App	5c	Y
College/App/AppleSiliconRequiredView.swift	49	App	5c	Y
College/App/AskCollegeCoordinator.swift	46	App	5c	Y
College/App/AutosaveNames.swift	11	App	5c	Y
College/App/BackgroundTaskCompliance.swift	32	App	5c	Y
College/App/CalendarMenuBarSummary.swift	44	App	5c	Y
College/App/CatalogMenuBarProgressController.swift	205	App	5c	Y
College/App/CatalogMenuBarProgressNotifier.swift	78	App	5c	Y
College/App/CollegeApp.swift	515	App	5c	Y
College/App/CollegeAppDelegate.swift	170	App	5c	Y
College/App/CollegeKeyboardShortcuts.swift	10	App	5c	Y
College/App/CollegeMenuBarRoot.swift	332	App	5c	Y
College/App/CollegeMenuBarStatusModel.swift	302	App	5c	Y
College/App/CollegeTestRuntime.swift	19	App	5c	Y
College/App/ContentView.swift	1360	App	5c	Y
College/App/LMSPortalConfiguration.swift	119	App	5c	Y
College/App/LaunchBootstrapCache.swift	48	App	5c	Y
College/App/LaunchPreloadCoordinator.swift	496	App	5c	Y
College/App/LaunchPreloadView.swift	420	App	5c	Y
College/App/LaunchShellPagePersistence.swift	20	App	5c	Y
College/App/LaunchStartupBudget.swift	57	App	5c	Y
College/App/MainContentSignals.swift	25	App	5c	Y
College/App/MainWindowToolbar.swift	181	App	5c	Y
College/App/ModalCoordinator.swift	94	App	5c	Y
College/App/NavigationSplitChromeCoordinator.swift	171	App	5c	Y
College/App/OnboardingPreferenceBridge.swift	74	App	5c	Y
College/App/OnboardingRootView.swift	2168	App	5c	Y
College/App/PlannerMenuNotifications.swift	29	App	5c	Y
College/App/SessionTerminationTracker.swift	27	App	5c	Y
College/App/ShellToolbarPrincipalNavBar.swift	100	App	5c	Y
College/App/SidebarView.swift	419	App	5c	Y
College/App/SplitViewAutosaveNameBridge.swift	90	App	5c	Y
College/App/StartupPhase.swift	24	App	5c	Y
College/App/Toolbar/AcademicsToolbarState.swift	16	App	5c	Y
College/App/Toolbar/CalendarToolbarState.swift	22	App	5c	Y
College/App/Toolbar/CareerToolbarState.swift	29	App	5c	Y
College/App/Toolbar/WebPortalToolbarState.swift	37	App	5c	Y
College/App/UITestLaunchFlags.swift	135	App	5c	Y
College/App/UITestPersistenceSeeder.swift	53	App	5c	Y
College/App/WebShortcutStore.swift	76	App	5c	Y
College/Core/Data/AppBackupManager.swift	226	Core	5c	Y
College/Core/Data/Persistence/AcademicProgressTypes.swift	82	Core	5c	Y
College/Core/Data/Persistence/CollegePersistence+AcademicComputation.swift	1035	Core	5c	Y
College/Core/Data/Persistence/CollegePersistence+AcademicIdentity.swift	187	Core	5c	Y
College/Core/Data/Persistence/CollegePersistence+AcademicProgress.swift	23	Core	5c	Y
College/Core/Data/Persistence/CollegePersistence+Calendar.swift	245	Core	5c	Y
College/Core/Data/Persistence/CollegePersistence+CallSiteShims.swift	161	Core	5c	Y
College/Core/Data/Persistence/CollegePersistence+Career.swift	218	Core	5c	Y
College/Core/Data/Persistence/CollegePersistence+Catalog.swift	552	Core	5c	Y
College/Core/Data/Persistence/CollegePersistence+ChangeTokens.swift	31	Core	5c	Y
College/Core/Data/Persistence/CollegePersistence+LegacyShims.swift	283	Core	5c	Y
College/Core/Data/Persistence/CollegePersistence+PlannerWrites.swift	192	Core	5c	Y
College/Core/Data/Persistence/CollegePersistence+ProfileShell.swift	77	Core	5c	Y
College/Core/Data/Persistence/CollegePersistence+ProgramRequirementsScrape.swift	208	Core	5c	Y
College/Core/Data/Persistence/CollegePersistence+Vault.swift	168	Core	5c	Y
College/Core/Data/Persistence/CollegePersistence.swift	251	Core	5c	Y
College/Core/Data/Repositories/CalendarRepository+EventWrites.swift	168	Core	5c	Y
College/Core/Data/Repositories/CalendarRepository+TaskWrites.swift	107	Core	5c	Y
College/Core/Data/Repositories/CalendarRepository+Writes.swift	145	Core	5c	Y
College/Core/Data/Repositories/CalendarRepository.swift	158	Core	5c	Y
College/Core/Data/Repositories/CareerRepository+ApplicationWrites.swift	382	Core	5c	Y
College/Core/Data/Repositories/CareerRepository+Resume.swift	181	Core	5c	Y
College/Core/Data/Repositories/CareerRepository+Workday.swift	63	Core	5c	Y
College/Core/Data/Repositories/CareerRepository+WorkdayBoard.swift	132	Core	5c	Y
College/Core/Data/Repositories/CareerRepository+WorkdayImport.swift	100	Core	5c	Y
College/Core/Data/Repositories/CareerRepository.swift	123	Core	5c	Y
College/Core/Data/Repositories/CatalogRepository+CourseLookup.swift	58	Core	5c	Y
College/Core/Data/Repositories/CatalogRepository+Import.swift	212	Core	5c	Y
College/Core/Data/Repositories/CatalogRepository+ProgramResolution.swift	172	Core	5c	Y
College/Core/Data/Repositories/CatalogRepository+Reads.swift	92	Core	5c	Y
College/Core/Data/Repositories/CatalogRepository+RequirementReads.swift	350	Core	5c	Y
College/Core/Data/Repositories/CatalogRepository+RequirementScrape.swift	224	Core	5c	Y
College/Core/Data/Repositories/CatalogRepository+ScrapePresence.swift	114	Core	5c	Y
College/Core/Data/Repositories/CatalogRepository+ScrapePurge.swift	116	Core	5c	Y
College/Core/Data/Repositories/CatalogRepository+Writes.swift	205	Core	5c	Y
College/Core/Data/Repositories/CatalogRepository.swift	243	Core	5c	Y
College/Core/Data/Repositories/ProfileRepository+ExperienceAchievementWrites.swift	66	Core	5c	Y
College/Core/Data/Repositories/ProfileRepository+FocusBlocks.swift	53	Core	5c	Y
College/Core/Data/Repositories/ProfileRepository+GraduationPlan.swift	129	Core	5c	Y
College/Core/Data/Repositories/ProfileRepository+NativeWrites.swift	59	Core	5c	Y
College/Core/Data/Repositories/ProfileRepository+PlannerSemesterWrites.swift	18	Core	5c	Y
College/Core/Data/Repositories/ProfileRepository+ProfileShellWrites.swift	69	Core	5c	Y
College/Core/Data/Repositories/ProfileRepository+Writes.swift	94	Core	5c	Y
College/Core/Data/Repositories/ProfileRepository.swift	132	Core	5c	Y
College/Core/Data/Repositories/VaultRepository+FileIO.swift	65	Core	5c	Y
College/Core/Data/Repositories/VaultRepository+MetadataWrites.swift	67	Core	5c	Y
College/Core/Data/Repositories/VaultRepository+Writes.swift	186	Core	5c	Y
College/Core/Data/Repositories/VaultRepository.swift	91	Core	5c	Y
College/Core/Data/Storage/AppDataStore+UnitTesting.swift	44	Core	5c	Y
College/Core/Data/Storage/AppDataStore.swift	120	Core	5c	Y
College/Core/Data/Storage/AppDataStoreBootstrap.swift	15	Core	5c	Y
College/Core/Data/Storage/AppDataStoreBridge.swift	39	Core	5c	Y
College/Core/Data/Storage/AppDataStoreLaunchWarmup.swift	19	Core	5c	Y
College/Core/Data/Storage/CalendarSyncIngestService.swift	540	Core	5c	Y
College/Core/Data/Storage/CollegeModelContainerFactory.swift	117	Core	5c	Y
College/Core/Data/Storage/CollegeSchemaMigrationPlan.swift	17	Core	5c	Y
College/Core/Data/Storage/CollegeSchemaV1.swift	1020	Core	5c	Y
College/Core/Data/Storage/ModelEntityCompatibility.swift	91	Core	5c	Y
College/Core/Data/Storage/ModelMergeCoalescer.swift	45	Core	5c	Y
College/Core/Data/Storage/ModelStoreMaintenance.swift	70	Core	5c	Y
College/Core/Data/Storage/PlannerStoreAccessors.swift	59	Core	5c	Y
College/Core/Data/Storage/ProfilePlannerQueryHost.swift	35	Core	5c	Y
College/Core/Data/Storage/ProfilePlannerReadBridge.swift	51	Core	5c	Y
College/Core/Data/Storage/ProfilePlannerStoreMirror.swift	100	Core	5c	Y
College/Core/Data/Storage/ProfilePlannerSyncBridge.swift	19	Core	5c	Y
College/Core/Data/Storage/ProfileRepository+CareerSync.swift	14	Core	5c	Y
College/Core/Data/Storage/ProfileRepository+PlannerSync.swift	58	Core	5c	Y
College/Core/Data/Storage/ProfileRepository+VaultSync.swift	14	Core	5c	Y
College/Core/Data/Storage/VaultStoreMirror.swift	40	Core	5c	Y
College/Core/Data/Storage/WorkdayStoreMirror.swift	15	Core	5c	Y
College/Core/DesignSystem/AppNavBar.swift	219	Core	5b	N
College/Core/DesignSystem/AppPageHeader.swift	159	Core	5b	N
College/Core/DesignSystem/AutoGrowingTextEditor.swift	93	Core	5b	N
College/Core/DesignSystem/DashboardHints.swift	80	Core	5b	N
College/Core/DesignSystem/DesignSystem+Tokens.swift	79	Core	5b	N
College/Core/DesignSystem/DesignSystem.swift	93	Core	5b	N
College/Core/DesignSystem/LiquidGlassSidebarRow.swift	79	Core	5b	N
College/Core/DesignSystem/ToolbarMetrics.swift	27	Core	5b	N
College/Core/DesignSystem/UnifiedActionHeader.swift	149	Core	5b	N
College/Core/Location/LocationETAService.swift	49	Core	5c	Y
College/Core/Location/LocationPermissionService.swift	84	Core	5c	Y
College/Core/Location/LocationPickerSheet.swift	270	Core	5c	Y
College/Core/Location/LocationRecentsStore.swift	37	Core	5c	Y
College/Core/Location/LocationSuggestionsDropdown.swift	132	Core	5c	Y
College/Core/Location/MapLocationSearchService.swift	281	Core	5c	Y
College/Core/Location/TravelTimeStore.swift	78	Core	5c	Y
College/Core/MLXGlobalErrorHandler.swift	37	Core	5b	Y
College/Core/MemoryPressureHandler.swift	106	Core	5c	Y
College/Core/Notifications/AcademicNotificationScheduler.swift	165	Core	5b	Y
College/Core/Notifications/AppNotificationCenter.swift	209	Core	5b	Y
College/Core/Notifications/AppNotificationHost.swift	13	Core	5b	Y
College/Core/Notifications/NotificationNames.swift	11	Core	5b	Y
College/Core/PerformanceDiagnostics.swift	70	Core	5c	Y
College/Core/PerformanceSignposts.swift	97	Core	5c	Y
College/Core/Platform/AppleSiliconPlatform.swift	128	Core	5b	Y
College/Core/Platform/Availability/AvailabilityLinkService.swift	51	Core	5b	Y
College/Core/Platform/BuildCompatibility.swift	19	Core	5b	Y
College/Core/Platform/Commands/AppCommandPalette.swift	67	Core	5b	Y
College/Core/Platform/Commands/NaturalLanguageEventParser.swift	73	Core	5b	Y
College/Core/Platform/Focus/AppFocusBlockStore.swift	83	Core	5b	Y
College/Core/Platform/Integrations/IntegrationStatusBadge.swift	36	Core	5b	Y
College/Core/Platform/Intelligence/PlannerMemoryQuery.swift	45	Core	5b	Y
College/Core/Platform/Intelligence/PlannerNarrativeService.swift	22	Core	5b	Y
College/Core/Platform/Undo/AppToastHost.swift	73	Core	5b	Y
College/Core/Platform/Undo/AppUndoCoordinator.swift	28	Core	5b	Y
College/Core/Security/DataWipeManager.swift	68	Core	5c	Y
College/Core/Security/PrivacyOverviewView.swift	96	Core	5c	Y
College/Core/Security/SecretStore.swift	69	Core	5c	Y
College/Core/Security/SecurityManager.swift	527	Core	5c	Y
College/Core/Security/UnlockView.swift	189	Core	5c	Y
College/Core/Services/CatalogBackgroundSyncRunner.swift	2448	Core	5c	Y
College/Core/Services/CatalogBreadthHydrationService.swift	21	Core	5c	Y
College/Core/Services/CatalogScrapeAuditCSVSupport.swift	93	Core	5c	Y
College/Core/Services/CatalogSessionWarmup.swift	39	Core	5b	Y
College/Core/Services/CloudIntegrationService.swift	413	Core	5b	Y
College/Core/Services/DocumentClassifierService.swift	314	Core	5b	Y
College/Core/Services/FSWatchdogService.swift	255	Core	5b	Y
College/Core/Services/GoogleAuthService.swift	677	Core	5b	Y
College/Core/Services/PDFAnnotationView.swift	671	Core	5b	Y
College/Core/Services/StaleFileMonitor.swift	178	Core	5b	Y
College/Core/Services/VaultDocumentAccess.swift	54	Core	5c	Y
College/Core/Services/VaultDocumentMetadataAccess.swift	64	Core	5c	Y
College/Core/Services/VaultDocumentService.swift	202	Core	5b	Y
College/Core/Services/VaultDuplicateDetector.swift	129	Core	5b	Y
College/Core/Services/VaultFileOrganizer.swift	155	Core	5b	Y
College/Core/Services/VaultImportSerialQueue.swift	14	Core	5b	Y
College/Core/Services/VaultLocationManager.swift	276	Core	5b	Y
College/Core/Services/VaultReadBridge.swift	80	Core	5c	Y
College/Core/Services/VaultScreenshotTriage.swift	180	Core	5b	Y
College/Core/Services/VaultSemesterArchive.swift	121	Core	5b	Y
College/Core/Services/VaultShareBundleService.swift	118	Core	5b	Y
College/Core/Services/VaultStorageAnalytics.swift	124	Core	5b	Y
College/Core/Services/VaultSummaryService.swift	68	Core	5b	Y
College/Core/Services/VaultUploadSheet.swift	329	Core	5b	Y
College/Core/Services/VaultWeeklyDigest.swift	81	Core	5b	Y
College/Core/SheetDismissOnOutsideClick.swift	132	Core	5b	Y
College/Core/Utilities/UserDefaultsWindowAutosaveCleanup.swift	89	Core	5b	Y
College/Core/Utilities/VectorMath.swift	29	Core	5b	Y
College/Core/WebShortcuts/ShortcutWebCoordinator.swift	135	Core	5b	Y
College/Core/WebShortcuts/ShortcutWebHostView.swift	97	Core	5b	Y
College/Debug/AppLogger.swift	550	Debug	5b	Y
College/Debug/AppLogsView.swift	372	Debug	5b	Y
College/Debug/CrashReportStore.swift	208	Debug	5b	Y
College/Debug/CrashSignalHandler.swift	69	Debug	5b	Y
College/Debug/DebugLogModifiers.swift	44	Debug	5b	Y
College/Debug/DebugLogger.swift	239	Debug	5b	Y
College/Debug/ErrorReportView.swift	336	Debug	5b	Y
College/Debug/GoogleDebugLog.swift	63	Debug	5b	Y
College/Debug/LaunchPerformanceAcceptance.swift	111	Debug	5b	Y
College/Debug/PerformanceMonitor.swift	81	Debug	5c	Y
College/Debug/RuntimeTelemetryMonitor.swift	249	Debug	5b	Y
College/Debug/UncaughtExceptionLogger.swift	37	Debug	5b	Y
College/Debug/UnlockDebugLog.swift	240	Debug	5b	Y
College/Features/Academics/AcademicMetricsStore.swift	209	Academics	5c	Y
College/Features/Academics/AcademicProfile+ProgramLists.swift	41	Academics	5c	Y
College/Features/Academics/AcademicProfileEntity+Extensions.swift	149	Academics	5c	Y
College/Features/Academics/AcademicProgramHelpers.swift	278	Academics	5c	Y
College/Features/Academics/AcademicsBottomSummaryStrip.swift	281	Academics	5c	Y
College/Features/Academics/AcademicsLeftStatsSidebar.swift	917	Academics	5c	Y
College/Features/Academics/AcademicsPlannerCreditsBridge.swift	47	Academics	5c	Y
College/Features/Academics/AcademicsPlannerReadBridge.swift	24	Academics	5c	Y
College/Features/Academics/AcademicsPlannerSemesterSummary.swift	67	Academics	5c	Y
College/Features/Academics/AcademicsSemesterQueryHost.swift	36	Academics	5c	Y
College/Features/Academics/AcademicsStatusPalette.swift	98	Academics	5c	Y
College/Features/Academics/AcademicsView.swift	2510	Academics	5c	Y
College/Features/Academics/AuditCatalogBatchLookupQuery.swift	76	Academics	5c	Y
College/Features/Academics/AuditCatalogLookupBridge.swift	46	Academics	5c	Y
College/Features/Academics/AuditRequirementSelectionStore.swift	84	Academics	5c	Y
College/Features/Academics/AuditSnapshotStore+LoadAudit.swift	588	Academics	5c	Y
College/Features/Academics/AuditSnapshotStore.swift	238	Academics	5c	Y
College/Features/Academics/DegreeRequirementsFullView.swift	421	Academics	5c	Y
College/Features/Academics/GPACalculation.swift	40	Academics	5c	Y
College/Features/Academics/GPAFormatting.swift	43	Academics	5c	Y
College/Features/Academics/GraduationTimelineConfigSheet.swift	619	Academics	5c	Y
College/Features/Academics/GraduationTimelineEngine.swift	280	Academics	5c	Y
College/Features/Academics/GraduationTimelinePrereqValidator.swift	139	Academics	5c	Y
College/Features/Academics/RequirementBreakdownBuilder.swift	140	Academics	5c	Y
College/Features/Academics/RequirementBreakdownCredits.swift	251	Academics	5c	Y
College/Features/Academics/RequirementFulfillmentStore.swift	126	Academics	5c	Y
College/Features/Academics/RequirementProgressEngine.swift	234	Academics	5c	Y
College/Features/Academics/SpecializationRequirementFilter.swift	109	Academics	5c	Y
College/Features/Assistant/AIAssistantAcademicTools.swift	894	Assistant	5c	Y
College/Features/Assistant/AIAssistantCareerTools.swift	105	Assistant	5c	Y
College/Features/Assistant/AIAssistantDocumentTools.swift	179	Assistant	5c	Y
College/Features/Assistant/AIAssistantFinancialTools.swift	323	Assistant	5c	Y
College/Features/Assistant/AIAssistantLocationTools.swift	99	Assistant	5c	Y
College/Features/Assistant/AIAssistantNavigationTools.swift	107	Assistant	5c	Y
College/Features/Assistant/AIAssistantPlanMutationTools.swift	159	Assistant	5c	Y
College/Features/Assistant/AIAssistantProfileTools.swift	104	Assistant	5c	Y
College/Features/Assistant/AIAssistantService.swift	1048	Assistant	5c	Y
College/Features/Assistant/AIAssistantSettingsTools.swift	94	Assistant	5c	Y
College/Features/Assistant/AIAssistantSystemTools.swift	508	Assistant	5c	Y
College/Features/Assistant/AIAssistantToolRouter.swift	651	Assistant	5c	Y
College/Features/Assistant/AIAssistantTools.swift	750	Assistant	5c	Y
College/Features/Assistant/AIAssistantView.swift	3634	Assistant	5c	Y
College/Features/Assistant/AIAssistantViewModel.swift	41	Assistant	5c	Y
College/Features/Assistant/AssistantArithmeticExpression.swift	50	Assistant	5c	Y
College/Features/Assistant/AssistantAttachmentIngestor.swift	196	Assistant	5c	Y
College/Features/Assistant/AssistantChatChrome.swift	199	Assistant	5c	Y
College/Features/Assistant/AssistantConfirmationStyle.swift	18	Assistant	5c	Y
College/Features/Assistant/AssistantContextAssembler.swift	108	Assistant	5c	Y
College/Features/Assistant/AssistantContextBridge.swift	30	Assistant	5c	Y
College/Features/Assistant/AssistantContextBudget.swift	87	Assistant	5c	Y
College/Features/Assistant/AssistantConversationMemory.swift	72	Assistant	5c	Y
College/Features/Assistant/AssistantFinancialAidPolicy.swift	227	Assistant	5c	Y
College/Features/Assistant/AssistantGemmaStreamFilter.swift	26	Assistant	5c	Y
College/Features/Assistant/AssistantInference/AssistantInferenceAvailability.swift	88	Assistant	5c	Y
College/Features/Assistant/AssistantInference/AssistantInferenceBackend.swift	12	Assistant	5c	Y
College/Features/Assistant/AssistantInference/AssistantInferenceSession.swift	32	Assistant	5c	Y
College/Features/Assistant/AssistantInference/AssistantInferenceSessionFactory.swift	93	Assistant	5c	Y
College/Features/Assistant/AssistantInference/AssistantInferenceSettings.swift	23	Assistant	5c	Y
College/Features/Assistant/AssistantInference/AssistantPlanningPromptBuilder.swift	185	Assistant	5c	Y
College/Features/Assistant/AssistantInference/FMRegistryToolAdapter.swift	80	Assistant	5c	Y
College/Features/Assistant/AssistantInference/FoundationModelsAssistantSession.swift	95	Assistant	5c	Y
College/Features/Assistant/AssistantInference/JsonWorkerAssistantSession.swift	19	Assistant	5c	Y
College/Features/Assistant/AssistantInference/StubAssistantInferenceSession.swift	72	Assistant	5c	Y
College/Features/Assistant/AssistantIntentEmbeddingClassifier.swift	160	Assistant	5c	Y
College/Features/Assistant/AssistantIntentSemantics.swift	499	Assistant	5c	Y
College/Features/Assistant/AssistantLogRedactor.swift	36	Assistant	5c	Y
College/Features/Assistant/AssistantMinimalProfileContext.swift	54	Assistant	5c	Y
College/Features/Assistant/AssistantPlanJSONParser.swift	155	Assistant	5c	Y
College/Features/Assistant/AssistantPlannerIndexingConsent.swift	124	Assistant	5c	Y
College/Features/Assistant/AssistantPlannerIndexingSettings.swift	101	Assistant	5c	Y
College/Features/Assistant/AssistantPolicyEvidence.swift	391	Assistant	5c	Y
College/Features/Assistant/AssistantPolicyRAG.swift	280	Assistant	5c	Y
College/Features/Assistant/AssistantProfessionalHandbookRegistry.swift	123	Assistant	5c	Y
College/Features/Assistant/AssistantReplyModels.swift	53	Assistant	5c	Y
College/Features/Assistant/AssistantSettingsKey.swift	60	Assistant	5c	Y
College/Features/Assistant/AssistantStudentGuidePanel.swift	99	Assistant	5c	Y
College/Features/Assistant/AssistantToolSources.swift	126	Assistant	5c	Y
College/Features/Assistant/AssistantUndoSupport.swift	29	Assistant	5c	Y
College/Features/Assistant/AssistantWebFetchPolicy.swift	86	Assistant	5c	Y
College/Features/Assistant/AssistantWebMemoryEmbedding.swift	111	Assistant	5c	Y
College/Features/Assistant/AssistantWebMemoryLibraryView.swift	174	Assistant	5c	Y
College/Features/Assistant/AssistantWebMemoryStore.swift	625	Assistant	5c	Y
College/Features/Assistant/AssistantWebPageExtractor.swift	149	Assistant	5c	Y
College/Features/Assistant/AssistantWebSearchRateLimiter.swift	60	Assistant	5c	Y
College/Features/Assistant/AssistantWebSearchSettings.swift	71	Assistant	5c	Y
College/Features/Assistant/GitHubDataService.swift	270	Assistant	5c	Y
College/Features/Assistant/IntelligenceDebugView.swift	250	Assistant	5c	Y
College/Features/Assistant/IntelligenceService.swift	451	Assistant	5c	Y
College/Features/Assistant/PlannerChunkProjection.swift	261	Assistant	5c	Y
College/Features/Assistant/PlannerVectorIndexer.swift	91	Assistant	5c	Y
College/Features/Assistant/PlannerVectorIndexingLifecycle.swift	43	Assistant	5c	Y
College/Features/Assistant/PlannerVectorSearchConfig.swift	41	Assistant	5c	Y
College/Features/Assistant/PlannerVectorStore.swift	430	Assistant	5c	Y
College/Features/Assistant/ProductionIntentClassifier.swift	81	Assistant	5c	Y
College/Features/Assistant/SearXNGClient.swift	126	Assistant	5c	Y
College/Features/Assistant/ToolCallStreamParser.swift	67	Assistant	5c	Y
College/Features/Assistant/VaultDocumentTextIndexer.swift	198	Assistant	5c	Y
College/Features/Brightspace/BrightspaceDownloadManager.swift	229	Brightspace	5c	Y
College/Features/Brightspace/BrightspaceImportSheet.swift	334	Brightspace	5c	Y
College/Features/Brightspace/BrightspaceKeychainService.swift	96	Brightspace	5c	Y
College/Features/Brightspace/BrightspaceView.swift	257	Brightspace	5c	Y
College/Features/Brightspace/BrightspaceWebCoordinator.swift	768	Brightspace	5c	Y
College/Features/Calendar/AddCalendarItemOverlay.swift	5188	Calendar	5c	Y
College/Features/Calendar/AddCalendarItemOverlaySizing.swift	22	Calendar	5c	Y
College/Features/Calendar/AddTaskOverlay.swift	1343	Calendar	5c	Y
College/Features/Calendar/AppleCalendarIntegration.swift	137	Calendar	5c	Y
College/Features/Calendar/CalendarCacheEngine.swift	339	Calendar	5c	Y
College/Features/Calendar/CalendarCourseLinker.swift	217	Calendar	5c	Y
College/Features/Calendar/CalendarEditorAnchor.swift	46	Calendar	5c	Y
College/Features/Calendar/CalendarEditorNotifications.swift	11	Calendar	5c	Y
College/Features/Calendar/CalendarEditorPresentation.swift	31	Calendar	5c	Y
College/Features/Calendar/CalendarEditorSession.swift	57	Calendar	5c	Y
College/Features/Calendar/CalendarEventDisplayColorResolver.swift	49	Calendar	5c	Y
College/Features/Calendar/CalendarEventEditorPopover.swift	140	Calendar	5c	Y
College/Features/Calendar/CalendarEventEditorSheet.swift	63	Calendar	5c	Y
College/Features/Calendar/CalendarEventSearchBridge.swift	100	Calendar	5c	Y
College/Features/Calendar/CalendarEventWritePipeline+Overlay.swift	49	Calendar	5c	Y
College/Features/Calendar/CalendarEventWritePipeline.swift	245	Calendar	5c	Y
College/Features/Calendar/CalendarFormatters.swift	56	Calendar	5c	Y
College/Features/Calendar/CalendarGridEditorHost.swift	64	Calendar	5c	Y
College/Features/Calendar/CalendarIntegrationBridge.swift	12	Calendar	5c	Y
College/Features/Calendar/CalendarIntegrationManager+StoreExport.swift	122	Calendar	5c	Y
College/Features/Calendar/CalendarIntegrationManager+StoreSync.swift	441	Calendar	5c	Y
College/Features/Calendar/CalendarIntegrationManager+SyncProviderAPI.swift	38	Calendar	5c	Y
College/Features/Calendar/CalendarIntegrationManager.swift	3940	Calendar	5c	Y
College/Features/Calendar/CalendarLinkConfig.swift	36	Calendar	5c	Y
College/Features/Calendar/CalendarLinkingSheet.swift	81	Calendar	5c	Y
College/Features/Calendar/CalendarModalHost.swift	108	Calendar	5c	Y
College/Features/Calendar/CalendarPlannerTaskSummary.swift	74	Calendar	5c	Y
College/Features/Calendar/CalendarQueryHost.swift	32	Calendar	5c	Y
College/Features/Calendar/CalendarReadBridge.swift	139	Calendar	5c	Y
College/Features/Calendar/CalendarReminderScheduler.swift	219	Calendar	5c	Y
College/Features/Calendar/CalendarSearchQuery.swift	49	Calendar	5c	Y
College/Features/Calendar/CalendarSyncCoordinator.swift	51	Calendar	5c	Y
College/Features/Calendar/CalendarSyncMapDiskPersistence.swift	77	Calendar	5c	Y
College/Features/Calendar/CalendarTenantKind.swift	42	Calendar	5c	Y
College/Features/Calendar/CalendarTimeZonePreference.swift	94	Calendar	5c	Y
College/Features/Calendar/CalendarTimelineAggregator.swift	22	Calendar	5c	Y
College/Features/Calendar/CalendarTimelineEpics.swift	51	Calendar	5c	Y
College/Features/Calendar/CalendarView.swift	2379	Calendar	5c	Y
College/Features/Calendar/CalendarVisibilityFilter.swift	151	Calendar	5c	Y
College/Features/Calendar/Editor/CalendarEventEditorForm.swift	14	Calendar	5c	Y
College/Features/Calendar/Editor/CalendarEventEditorView.swift	10	Calendar	5c	Y
College/Features/Calendar/Editor/CalendarEventGuestsCodec.swift	35	Calendar	5c	Y
College/Features/Calendar/Editor/CalendarGridPopoverMetrics.swift	14	Calendar	5c	Y
College/Features/Calendar/Editor/CalendarGuestContactPickerHost.swift	74	Calendar	5c	Y
College/Features/Calendar/EventColorOverrides.swift	47	Calendar	5c	Y
College/Features/Calendar/ICS/ICSCalendarParser.swift	96	Calendar	5c	Y
College/Features/Calendar/ICS/ICSSubscriptionRefreshService.swift	111	Calendar	5c	Y
College/Features/Calendar/ICS/ICSSubscriptionUpsertService.swift	50	Calendar	5c	Y
College/Features/Calendar/NewEventModal.swift	392	Calendar	5c	Y
College/Features/Calendar/PrivacyMaskModifier.swift	53	Calendar	5c	Y
College/Features/Calendar/Recurrence/CalendarRecurrenceExpander.swift	123	Calendar	5c	Y
College/Features/Calendar/Sync/AppleCalendarProvider.swift	51	Calendar	5c	Y
College/Features/Calendar/Sync/CalendarSyncMapRegistry.swift	39	Calendar	5c	Y
College/Features/Calendar/Sync/CalendarSyncProvider.swift	55	Calendar	5c	Y
College/Features/Calendar/Sync/GoogleCalendarProvider.swift	40	Calendar	5c	Y
College/Features/Calendar/Sync/OutlookCalendarProvider.swift	40	Calendar	5c	Y
College/Features/Calendar/Sync/iCloudCalendarProvider.swift	31	Calendar	5c	Y
College/Features/Calendar/Views/CalendarDayHeader.swift	122	Calendar	5c	Y
College/Features/Calendar/Views/CalendarEventChipStyle.swift	105	Calendar	5c	Y
College/Features/Calendar/Views/CalendarGhostEventOverlay.swift	96	Calendar	5c	Y
College/Features/Calendar/Views/CalendarTimedEventChipContent.swift	69	Calendar	5c	Y
College/Features/Calendar/Views/CalendarTodaySummaryView.swift	27	Calendar	5c	Y
College/Features/Calendar/Views/CalendarWeekPlannerView.swift	52	Calendar	5c	Y
College/Features/Career/AddRoleSheet.swift	318	Career	5c	Y
College/Features/Career/CareerAIService.swift	243	Career	5c	Y
College/Features/Career/CareerApplicationContextMenu.swift	48	Career	5c	Y
College/Features/Career/CareerApplicationPresentation.swift	113	Career	5c	Y
College/Features/Career/CareerApplicationsListView.swift	291	Career	5c	Y
College/Features/Career/CareerBoardLayout.swift	48	Career	5c	Y
College/Features/Career/CareerFollowUpScheduler.swift	54	Career	5c	Y
College/Features/Career/CareerFunnelHeaderView.swift	87	Career	5c	Y
College/Features/Career/CareerIngestCoordinator.swift	108	Career	5c	Y
College/Features/Career/CareerKPIStatCard.swift	43	Career	5c	Y
College/Features/Career/CareerKanbanTheme.swift	72	Career	5c	Y
College/Features/Career/CareerListTableTheme.swift	97	Career	5c	Y
College/Features/Career/CareerModels.swift	138	Career	5c	Y
College/Features/Career/CareerQueryHost.swift	28	Career	5c	Y
College/Features/Career/CareerQuickAddTextField.swift	31	Career	5c	Y
College/Features/Career/CareerReadBridge.swift	98	Career	5c	Y
College/Features/Career/CareerResumeLibrary.swift	222	Career	5c	Y
College/Features/Career/CareerSceneMaintenanceCoordinator.swift	65	Career	5c	Y
College/Features/Career/CareerSpotlightIndexer.swift	42	Career	5c	Y
College/Features/Career/CareerStatsView.swift	126	Career	5c	Y
College/Features/Career/CareerTrailingInspectorLayout.swift	39	Career	5c	Y
College/Features/Career/CareerWorkspaceView.swift	2352	Career	5c	Y
College/Features/Career/GreenhouseScraper.swift	112	Career	5c	Y
College/Features/Career/ICIMSScraper.swift	509	Career	5c	Y
College/Features/Career/InterviewPrepView.swift	330	Career	5c	Y
College/Features/Career/JobBoardMenuBarView.swift	60	Career	5c	Y
College/Features/Career/JobBoardNotificationService.swift	65	Career	5c	Y
College/Features/Career/JobBoardPlatformDetector.swift	111	Career	5c	Y
College/Features/Career/JobBoardScraper.swift	274	Career	5c	Y
College/Features/Career/JobDescriptionFormattedView.swift	138	Career	5c	Y
College/Features/Career/JobInspectorSidebar.swift	541	Career	5c	Y
College/Features/Career/JobPostingEnrichment.swift	142	Career	5c	Y
College/Features/Career/LeverScraper.swift	118	Career	5c	Y
College/Features/Career/LogInteractionSheet.swift	295	Career	5c	Y
College/Features/Career/NetworkingAddContactSheet.swift	255	Career	5c	Y
College/Features/Career/NetworkingDetailPane.swift	624	Career	5c	Y
College/Features/Career/NetworkingFollowUpStore.swift	45	Career	5c	Y
College/Features/Career/OracleHCMScraper.swift	240	Career	5c	Y
College/Features/Career/RecruiterContactEntity+CareerNetworking.swift	22	Career	5c	Y
College/Features/Career/TalemetryScraper.swift	231	Career	5c	Y
College/Features/Career/WorkdayBranding.swift	89	Career	5c	Y
College/Features/Career/WorkdayCompaniesStore.swift	99	Career	5c	Y
College/Features/Career/WorkdayCompanyJobsView.swift	566	Career	5c	Y
College/Features/Career/WorkdayJobBoardModels.swift	187	Career	5c	Y
College/Features/Career/WorkdayJobBoardSyncCoordinator.swift	213	Career	5c	Y
College/Features/Career/WorkdayJobBoardView.swift	373	Career	5c	Y
College/Features/Career/WorkdayJobDetailPane.swift	242	Career	5c	Y
College/Features/Career/WorkdayJobPosting+Display.swift	25	Career	5c	Y
College/Features/Career/WorkdayOpeningsState.swift	144	Career	5c	Y
College/Features/Career/WorkdayPostingParsing+Store.swift	129	Career	5c	Y
College/Features/Career/WorkdayPostingParsing.swift	262	Career	5c	Y
College/Features/Career/WorkdayReadBridge.swift	26	Career	5c	Y
College/Features/Career/WorkdayRefreshScheduler.swift	158	Career	5c	Y
College/Features/Career/WorkdayScrapedData.swift	294	Career	5c	Y
College/Features/Career/WorkdayScraper.swift	406	Career	5c	Y
College/Features/Career/WorkdayToolbarFilters.swift	302	Career	5c	Y
College/Features/Catalog/CatalogAvailability.swift	26	Catalog	5c	Y
College/Features/Catalog/CatalogBundle.swift	165	Catalog	5b	Y
College/Features/Catalog/CatalogBundleExporter.swift	127	Catalog	5b	Y
College/Features/Catalog/CatalogBundleImportSheet.swift	304	Catalog	5b	Y
College/Features/Catalog/CatalogBundleImporter.swift	198	Catalog	5b	Y
College/Features/Catalog/CatalogBundleSecurity.swift	199	Catalog	5b	Y
College/Features/Catalog/CatalogBundleTrustStore.swift	79	Catalog	5b	Y
College/Features/Catalog/CatalogCourseCodeHelpers.swift	40	Catalog	5c	Y
College/Features/Catalog/CatalogCourseSearchBridge.swift	78	Catalog	5c	Y
College/Features/Catalog/CatalogDegreeTypeFilter.swift	136	Catalog	5b	Y
College/Features/Catalog/CatalogFetchPoliteness.swift	18	Catalog	5b	Y
College/Features/Catalog/CatalogFileStore.swift	112	Catalog	5b	Y
College/Features/Catalog/CatalogHostRequestScheduler.swift	28	Catalog	5b	Y
College/Features/Catalog/CatalogModels.swift	759	Catalog	5b	Y
College/Features/Catalog/CatalogOriginRobotsThrottle.swift	149	Catalog	5b	Y
College/Features/Catalog/CatalogParsing/PrerequisitePromptBuilder.swift	134	Catalog	5b	Y
College/Features/Catalog/CatalogPolicyScopeClassifier.swift	73	Catalog	5b	Y
College/Features/Catalog/CatalogPrerequisiteValidator.swift	144	Catalog	5b	Y
College/Features/Catalog/CatalogProgramMatching.swift	95	Catalog	5c	Y
College/Features/Catalog/CatalogProgramPickerBridge.swift	165	Catalog	5c	Y
College/Features/Catalog/CatalogProgramReadBridge.swift	262	Catalog	5c	Y
College/Features/Catalog/CatalogProgramRequirementsHydrator.swift	679	Catalog	5b	Y
College/Features/Catalog/CatalogProgramWriteBridge.swift	155	Catalog	5c	Y
College/Features/Catalog/CatalogRenderedHTMLFetcher.swift	175	Catalog	5b	Y
College/Features/Catalog/CatalogScrapeStateBridge.swift	43	Catalog	5c	Y
College/Features/Catalog/CatalogSelectedProgramsStore.swift	39	Catalog	5b	Y
College/Features/Catalog/CatalogSigningKeyManager.swift	116	Catalog	5b	Y
College/Features/Catalog/CourseLeafCatalogSegmentDiscoverer.swift	347	Catalog	5b	Y
College/Features/Catalog/CourseLeafCourselistHTMLParser.swift	808	Catalog	5b	Y
College/Features/Catalog/CourseLeafEngine.swift	604	Catalog	5b	Y
College/Features/Catalog/CourseLeafProgramRequirementsValidator.swift	211	Catalog	5b	Y
College/Features/Catalog/CourseLeafProgramURLParser.swift	176	Catalog	5b	Y
College/Features/Catalog/CourseLeafRequirementsParser.swift	184	Catalog	5b	Y
College/Features/Catalog/CourseLeafRulePack+Requirements.swift	89	Catalog	5b	Y
College/Features/Catalog/CourseLeafRulePack.swift	80	Catalog	5b	Y
College/Features/Catalog/CourseLeafXMLClient.swift	53	Catalog	5b	Y
College/Features/Catalog/DegreeTokenRegistry.swift	274	Catalog	5b	Y
College/Features/Catalog/DegreeTypeNormalizer.swift	161	Catalog	5b	Y
College/Features/Catalog/Ingest/CatalogArchiveStore.swift	156	Catalog	5b	Y
College/Features/Catalog/Ingest/CatalogCanonicalIR.swift	38	Catalog	5b	Y
College/Features/Catalog/Ingest/CatalogCanonicalIRStore.swift	22	Catalog	5b	Y
College/Features/Catalog/Ingest/CatalogCapabilityUI.swift	67	Catalog	5b	Y
College/Features/Catalog/Ingest/CatalogEngineCapabilities.swift	129	Catalog	5b	Y
College/Features/Catalog/Ingest/CatalogExtractionConfidence.swift	56	Catalog	5b	Y
College/Features/Catalog/Ingest/CatalogGoldenFixtureStore.swift	59	Catalog	5b	Y
College/Features/Catalog/Ingest/CatalogImportTransforms.swift	160	Catalog	5c	Y
College/Features/Catalog/Ingest/CatalogIngestCheckpoint.swift	89	Catalog	5b	Y
College/Features/Catalog/Ingest/CatalogIngestObservability.swift	54	Catalog	5b	Y
College/Features/Catalog/Ingest/CatalogIngestReconciler.swift	27	Catalog	5b	Y
College/Features/Catalog/Ingest/CatalogIngestSnapshot.swift	32	Catalog	5b	Y
College/Features/Catalog/Ingest/CatalogIngestTelemetry.swift	26	Catalog	5b	Y
College/Features/Catalog/Ingest/CatalogParserCapability.swift	30	Catalog	5b	Y
College/Features/Catalog/Ingest/CatalogSchoolImportService.swift	214	Catalog	5c	Y
College/Features/Catalog/Ingest/CatalogSyncProgress.swift	104	Catalog	5b	Y
College/Features/Catalog/Ingest/PDFScrapeReport.swift	38	Catalog	5b	Y
College/Features/Catalog/Ingest/RequirementNodeIR.swift	105	Catalog	5b	Y
College/Features/Catalog/ModernCampusAPI.swift	76	Catalog	5b	Y
College/Features/Catalog/ModernCampusCatalogLabels.swift	152	Catalog	5b	Y
College/Features/Catalog/ModernCampusEngine+Hydration.swift	33	Catalog	5b	Y
College/Features/Catalog/ModernCampusEngine.swift	2674	Catalog	5b	Y
College/Features/Catalog/ModernCampusPolicyIngestion.swift	280	Catalog	5b	Y
College/Features/Catalog/PDF/CatalogPDFBlockClassifier.swift	252	Catalog	5b	Y
College/Features/Catalog/PDF/CatalogPDFCourseExtractor.swift	155	Catalog	5b	Y
College/Features/Catalog/PDF/CatalogPDFDocumentModel.swift	131	Catalog	5b	Y
College/Features/Catalog/PDF/CatalogPDFEngine.swift	66	Catalog	5b	Y
College/Features/Catalog/PDF/CatalogPDFError.swift	30	Catalog	5b	Y
College/Features/Catalog/PDF/CatalogPDFLayoutReconstructor.swift	81	Catalog	5b	Y
College/Features/Catalog/PDF/CatalogPDFNormalizer.swift	62	Catalog	5b	Y
College/Features/Catalog/PDF/CatalogPDFPipeline.swift	154	Catalog	5b	Y
College/Features/Catalog/PDF/CatalogPDFPolicyExtractor.swift	64	Catalog	5b	Y
College/Features/Catalog/PDF/CatalogPDFProfile.swift	121	Catalog	5b	Y
College/Features/Catalog/PDF/CatalogPDFProgramExtractor.swift	144	Catalog	5b	Y
College/Features/Catalog/PDF/CatalogPDFProgramRejectLexicon.swift	33	Catalog	5b	Y
College/Features/Catalog/PDF/CatalogPDFRequirementExtractor.swift	34	Catalog	5b	Y
College/Features/Catalog/PDF/CatalogPDFSectionClassifier.swift	245	Catalog	5b	Y
College/Features/Catalog/PDF/CatalogPDFTextExtractor.swift	154	Catalog	5b	Y
College/Features/Catalog/PDF/PDFPageTextCleaner.swift	75	Catalog	5b	Y
College/Features/Catalog/ProgramCatalogRequirementSheet.swift	116	Catalog	5b	Y
College/Features/Catalog/RequirementRowNormalizer.swift	173	Catalog	5b	Y
College/Features/Catalog/SchoolManifestCatalog.swift	113	Catalog	5b	Y
College/Features/Catalog/Store/CatalogSchoolDataPurge.swift	102	Catalog	5b	Y
College/Features/Catalog/Store/CatalogSchoolDataPurgeRunner.swift	228	Catalog	5b	Y
College/Features/Catalog/Store/CatalogSchoolRemoval.swift	60	Catalog	5b	Y
College/Features/Catalog/Store/CatalogSchoolScrapePurgeNotifier.swift	56	Catalog	5b	Y
College/Features/Catalog/Store/CatalogStoreCoordinator.swift	139	Catalog	5b	Y
College/Features/Catalog/Store/CatalogStorePortableBridge.swift	88	Catalog	5c	Y
College/Features/Catalog/Store/CatalogStoreSecurity.swift	138	Catalog	5b	Y
College/Features/Catalog/Store/CatalogStoreSnapshotBridge.swift	39	Catalog	5c	Y
College/Features/Catalog/StringNormalization.swift	31	Catalog	5c	Y
College/Features/Catalog/UniversalCatalogScraper.swift	3600	Catalog	5b	Y
College/Features/Catalog/Vector/CatalogChunkProjection+Store.swift	155	Catalog	5c	Y
College/Features/Catalog/Vector/CatalogChunkProjection.swift	29	Catalog	5b	Y
College/Features/Catalog/Vector/CatalogEmbedMemoryLifecycle.swift	55	Catalog	5c	Y
College/Features/Catalog/Vector/CatalogEmbeddingRuntime.swift	97	Catalog	5b	Y
College/Features/Catalog/Vector/CatalogLexicalEmbedding.swift	38	Catalog	5b	Y
College/Features/Catalog/Vector/CatalogMLXEmbedService.swift	104	Catalog	5b	Y
College/Features/Catalog/Vector/CatalogModernBERTPhase0Spike.swift	39	Catalog	5b	Y
College/Features/Catalog/Vector/CatalogVectorIndexer.swift	366	Catalog	5b	Y
College/Features/Catalog/Vector/CatalogVectorIndexingLifecycle.swift	55	Catalog	5b	Y
College/Features/Catalog/Vector/CatalogVectorStore.swift	418	Catalog	5b	Y
College/Features/Catalog/Vector/MLXTaskQueue.swift	123	Catalog	5b	Y
College/Features/Catalog/Vector/VecturaServiceBoundary.swift	23	Catalog	5b	Y
College/Features/Catalog/WebScraperService.swift	452	Catalog	5c	Y
College/Features/Courses/AddCourseView.swift	511	Courses	5c	Y
College/Features/Courses/AddSemesterView.swift	532	Courses	5c	Y
College/Features/Courses/CourseCatalogEntity+Display.swift	20	Courses	5c	Y
College/Features/Courses/CourseCatalogManagerView.swift	115	Courses	5c	Y
College/Features/Courses/CourseCatalogService.swift	40	Courses	5c	Y
College/Features/Courses/CourseDashboardReadBridge.swift	44	Courses	5c	Y
College/Features/Courses/CourseDashboardView.swift	2479	Courses	5c	Y
College/Features/Courses/CourseSearchView.swift	459	Courses	5c	Y
College/Features/Courses/EditCourseDetailsView.swift	1106	Courses	5c	Y
College/Features/Courses/GPACalculatorPopoverView.swift	414	Courses	5c	Y
College/Features/Courses/GenEdAddCourseModal.swift	592	Courses	5c	Y
College/Features/Degree/DegreeConfiguration.swift	170	Degree	5b	Y
College/Features/Degree/DegreeView.swift	1065	Degree	5b	Y
College/Features/Degree/GraduationValidator.swift	459	Degree	5b	Y
College/Features/Degree/MajorMinorDetailsView.swift	2195	Degree	5c	Y
College/Features/Degree/PrerequisiteValidator.swift	274	Degree	5b	Y
College/Features/Documents/DocumentsVaultQueryHost.swift	24	Documents	5c	Y
College/Features/Documents/DocumentsView.swift	2356	Documents	5b	Y
College/Features/Overview/MultiDegreeOverviewCards.swift	219	Overview	5c	Y
College/Features/Overview/OverviewDeepCatalogPrompt.swift	23	Overview	5c	Y
College/Features/Overview/OverviewQueryHost.swift	44	Overview	5c	Y
College/Features/Overview/OverviewReadBridge.swift	205	Overview	5c	Y
College/Features/Overview/OverviewView.swift	2129	Overview	5c	Y
College/Features/Overview/WeatherService.swift	237	Overview	5c	Y
College/Features/Overview/WidgetKit/EqualizerBarsView.swift	39	Overview	5c	Y
College/Features/Overview/WidgetKit/OverviewCard.swift	47	Overview	5c	Y
College/Features/Overview/WidgetKit/WidgetConfiguration.swift	101	Overview	5c	Y
College/Features/Overview/WidgetKit/WidgetDescriptor.swift	78	Overview	5c	Y
College/Features/Overview/WidgetKit/WidgetPickerView.swift	273	Overview	5c	Y
College/Features/Overview/WidgetKit/WidgetRegistry.swift	55	Overview	5c	Y
College/Features/Overview/Widgets/AcademicCalendarWidget.swift	89	Overview	5c	Y
College/Features/Overview/Widgets/AcademicsWidget.swift	337	Overview	5c	Y
College/Features/Overview/Widgets/CareerConversionWidget.swift	69	Overview	5c	Y
College/Features/Overview/Widgets/CareerFollowUpsWidget.swift	60	Overview	5c	Y
College/Features/Overview/Widgets/CareerPipelineWidget.swift	93	Overview	5c	Y
College/Features/Overview/Widgets/DeadlinesWidget.swift	186	Overview	5c	Y
College/Features/Overview/Widgets/DocumentsWidget.swift	147	Overview	5c	Y
College/Features/Overview/Widgets/EventsWidget.swift	185	Overview	5c	Y
College/Features/Overview/Widgets/MultiDegreeProgressWidget.swift	99	Overview	5c	Y
College/Features/Overview/Widgets/ScheduleWidget.swift	205	Overview	5c	Y
College/Features/Overview/Widgets/TasksWidget.swift	179	Overview	5c	Y
College/Features/Overview/Widgets/WeatherWidget.swift	208	Overview	5c	Y
College/Features/Profile/AcademicDegreeTabBar.swift	299	Profile	5b	Y
College/Features/Profile/AcademicIdentityView.swift	2263	Profile	5b	Y
College/Features/Profile/AcademicProfileEditFields.swift	860	Profile	5b	Y
College/Features/Profile/AcademicProfileReadBridge.swift	19	Profile	5c	Y
College/Features/Profile/AchievementsView.swift	567	Profile	5b	Y
College/Features/Profile/AdvisorMeetingPrepView.swift	155	Profile	5b	Y
College/Features/Profile/DeclaredProgramDegreeMetadata.swift	150	Profile	5b	Y
College/Features/Profile/ExperienceView.swift	489	Profile	5b	Y
College/Features/Profile/PortfolioProject.swift	31	Profile	5b	Y
College/Features/Profile/Profile+Display.swift	35	Profile	5c	Y
College/Features/Profile/ProfileCompatibility.swift	405	Profile	5b	Y
College/Features/Profile/ProfileEditOptions.swift	15	Profile	5b	Y
College/Features/Profile/ProfileEditSheet.swift	452	Profile	5b	Y
College/Features/Profile/ProfileReadBridge.swift	58	Profile	5c	Y
College/Features/Profile/ProfileView.swift	822	Profile	5b	Y
College/Features/Profile/ProgramListControls.swift	32	Profile	5b	Y
College/Features/Profile/ProgramListSerialization.swift	172	Profile	5b	Y
College/Features/Settings/AppUpdateCheckService.swift	118	Settings	5c	Y
College/Features/Settings/CatalogTrustedSourcesView.swift	67	Settings	5c	Y
College/Features/Settings/MacStandaloneSettingsRoot.swift	20	Settings	5c	Y
College/Features/Settings/SettingsAssistantPanel.swift	450	Settings	5c	Y
College/Features/Settings/SettingsCareerPanel.swift	36	Settings	5c	Y
College/Features/Settings/SettingsCatalogSelectedProgramsBlock.swift	635	Settings	5c	Y
College/Features/Settings/SettingsCatalogSyncSection.swift	1076	Settings	5c	Y
College/Features/Settings/SettingsChromeViews.swift	202	Settings	5c	Y
College/Features/Settings/SettingsMetrics.swift	19	Settings	5c	Y
College/Features/Settings/SettingsNavSection.swift	89	Settings	5c	Y
College/Features/Settings/SettingsNavigation.swift	97	Settings	5c	Y
College/Features/Settings/SettingsPanels_Academics.swift	55	Settings	5c	Y
College/Features/Settings/SettingsPanels_App.swift	221	Settings	5c	Y
College/Features/Settings/SettingsPanels_Appearance.swift	283	Settings	5c	Y
College/Features/Settings/SettingsPanels_Calendar.swift	570	Settings	5c	Y
College/Features/Settings/SettingsPanels_General.swift	293	Settings	5c	Y
College/Features/Settings/SettingsPanels_Profile.swift	66	Settings	5c	Y
College/Features/Settings/SettingsPanels_Services.swift	541	Settings	5c	Y
College/Features/Settings/SettingsPerformanceDiagnosticsCard.swift	82	Settings	5c	Y
College/Features/Settings/SettingsSearchIndex.swift	122	Settings	5c	Y
College/Features/Settings/SettingsSessionController.swift	277	Settings	5c	Y
College/Features/Settings/SettingsSidebarSplitLock.swift	176	Settings	5c	Y
College/Features/Settings/SettingsView.swift	501	Settings	5c	Y
College/Features/Settings/SettingsWebShortcutsPanel.swift	104	Settings	5c	Y
College/Features/Settings/SettingsWorkdayPanel.swift	323	Settings	5c	Y
College/Features/Settings/WatchdogSettingsPanel.swift	404	Settings	5c	Y
College/Features/SyllabusAI/AIStorageViewModel.swift	61	SyllabusAI	5b	Y
College/Features/SyllabusAI/JSONSanitizer.swift	77	SyllabusAI	5b	Y
College/Features/SyllabusAI/LLMMemoryLifecycle.swift	73	SyllabusAI	5b	Y
College/Features/SyllabusAI/LLMOnDemandPrewarm.swift	17	SyllabusAI	5c	Y
College/Features/SyllabusAI/LLMSamplingProfile.swift	38	SyllabusAI	5b	Y
College/Features/SyllabusAI/LocalLLMRunner.swift	190	SyllabusAI	5b	Y
College/Features/SyllabusAI/LocalLLMStubResponder.swift	107	SyllabusAI	5b	Y
College/Features/SyllabusAI/MLXTokenizerBridge.swift	64	SyllabusAI	5b	Y
College/Features/SyllabusAI/ModelBootstrapService.swift	101	SyllabusAI	5b	Y
College/Features/SyllabusAI/ModelManager.swift	378	SyllabusAI	5b	Y
College/Features/SyllabusAI/ModelMigrationService.swift	77	SyllabusAI	5c	Y
College/Features/SyllabusAI/SyllabusAnalysisViewModel.swift	467	SyllabusAI	5b	Y
College/Features/SyllabusAI/SyllabusHeuristicExtractor.swift	877	SyllabusAI	5b	Y
College/Features/SyllabusAI/SyllabusModels.swift	900	SyllabusAI	5b	Y
College/Features/SyllabusAI/SyllabusPDFIngestService.swift	89	SyllabusAI	5b	Y
College/Features/SyllabusAI/SyllabusPromptBuilder.swift	163	SyllabusAI	5b	Y
College/Features/SyllabusAI/SyllabusReviewView.swift	1518	SyllabusAI	5b	Y
College/Features/SyllabusAI/SyllabusScheduleInference.swift	651	SyllabusAI	5b	Y
College/Rust/CollegeCoreSwift.swift	178	Rust	5b	N
